nr	bezirk	bsn	schulname	plz	strasse	gesamtkosten
01	Mitte	01A04	Berlin-Kolleg	10551	Turmstr. 75	€6'710'000
01	Mitte	01G01	Grundschule am Arkonaplatz	10115	Ruppiner Str. 47-48	€2'450'000
01	Mitte	01G02	Papageno-Grundschule	10115	Bergstr. 58	€2'080'000
01	Mitte	01G04	Kastanienbaum-Grundschule	10119	Gipsstr. 23A	€5'360'000
01	Mitte	01G05	Grundschule Neues Tor	10115	Hannoversche Str. 20	€4'100'000
01	Mitte	01G07	GutsMuths-Grundschule	10179	Singerstr. 8	€4'250'000
01	Mitte	01G08	Grundschule am Brandenburger Tor	10117	Wilhelmstr. 52	€5'230'000
01	Mitte	01G10	City-Grundschule	10179	Sebastianstr. 57	€90'000
01	Mitte	01G11	Kurt-Tucholsky-Grundschule	10559	Rathenower Str. 18	€5'810'000
01	Mitte	01G15	Anne-Frank-Grundschule	10557	Paulstr. 20B	€2'120'000
01	Mitte	01G16	Moabiter Grundschule	10557	Paulstr. 28	€7'560'000
01	Mitte	01G18	Carl-Bolle-Grundschule	10551	Waldenserstr. 20-21	€9'950'000
01	Mitte	01G19	Hansa-Grundschule	10555	Lessingstr. 5	€1'480'000
01	Mitte	01G24	Gottfried-Röhl-Grundschule	13349	Ungarnstr. 75	€7'110'000
01	Mitte	01G25	Rudolf-Wissell-Grundschule	13357	Ellerbeker Str. 7-8	€7'270'000
01	Mitte	01G27	Gesundbrunnen-Grundschule	13357	Prinzenallee 8	€5'270'000
01	Mitte	01G28	Brüder-Grimm-Grundschule	13353	Tegeler Str. 18-19	€2'880'000
01	Mitte	01G29	Wilhelm-Hauff-Grundschule	13359	Gotenburger Str. 8	€1'630'000
01	Mitte	01G31	Wedding-Grundschule	13347	Antonstr. 10	€6'040'000
01	Mitte	01G32	Carl-Kraemer-Grundschule	13359	Zechliner Str. 4	€7'760'000
01	Mitte	01G35	Humboldthain-Grundschule	13355	Grenzstr. 7	€5'150'000
01	Mitte	01G36	Andersen-Grundschule	13359	Kattegatstr. 26	€3'790'000
01	Mitte	01G37	Heinrich-Seidel-Grundschule	13355	Ramlerstr. 9-10	€8'940'000
01	Mitte	01G38	Gustav-Falke-Grundschule	13355	Strelitzer Str. 42	€4'260'000
01	Mitte	01G39	Vineta-Grundschule	13355	Demminer Str. 27	€2'150'000
01	Mitte	01G40	Möwensee-Grundschule	13351	Afrikanische Str. 123-125	€6'620'000
01	Mitte	01G41	Erika-Mann-Grundschule	13347	Utrechter Str. 25-27	€5'520'000
01	Mitte	01G42	Anna-Lindh-Schule (Grundschule)	13351	Guineastr. 17-18	€10'860'000
01	Mitte	01G43	Albert-Gutzmann-Schule (Grundschule)	13357	Orthstr. 1	€7'440'000
01	Mitte	01G44	Allegro-Grundschule	10785	Lützowstr. 83-85	€3'900'000
01	Mitte	01G45	Leo-Lionni-Grundschule	13353	Müllerstr. 158	€9'530'000
01	Mitte	01G46	Grundschule am Koppenplatz	10115	Koppenplatz 12	€5'280'000
01	Mitte	01G47	Miriam-Makeba-Grundschule	10555	Zinzendorfstr. 15-16	€7'250'000
01	Mitte	01K01	Willy-Brandt-Schule	13357	Grüntaler Str. 5	€5'280'000
01	Mitte	01K02	Ernst-Schering-Schule	13353	Lütticher Str. 47-48	€11'020'000
01	Mitte	01K03	Ernst-Reuter-Schule	13355	Stralsunder Str. 57	€16'740'000
01	Mitte	01K04	Heinrich-von-Stephan-Schule (Gemeinschaftsschule)	10553	Neues Ufer 6	€6'980'000
01	Mitte	01K06	Herbert-Hoover-Schule (Integrierte Sekundarschule)	13357	Pankstr. 18-19	€820'000
01	Mitte	01K07	Hemingway-Schule	10115	Gartenstr. 10-17	€2'880'000
01	Mitte	01K08	Schule am Schillerpark (Integrierte Sekundarschule)	13349	Ofener Str. 6	€9'960'000
01	Mitte	01K09	Hedwig-Dohm-Schule (Integrierte Sekundarschule)	10559	Stephanstr. 27	€6'550'000
01	Mitte	01K10	Theodor-Heuss-Schule (Gemeinschaftsschule)	10559	Quitzowstr. 141	€10'930'000
01	Mitte	01S01	Schule am Zille-Park	13347	Ravenéstr. 10-12	€5'420'000
01	Mitte	01S05	Schule in der Charité	13353	Augustenburger Platz 1	€0
01	Mitte	01S06	Albert-Gutzmann-Schule	13357	Orthstr. 1	€0
01	Mitte	01S07	Charlotte-Pfeffer-Schule	10178	Berolinastr. 8	€0
01	Mitte	01Y02	John-Lennon-Gymnasium	10119	Zehdenicker Str. 17	€4'950'000
01	Mitte	01Y07	Französisches Gymnasium	10785	Derfflingerstr. 7	€6'130'000
01	Mitte	01Y08	Lessing-Gymnasium	13349	Schöningstr. 17	€9'630'000
01	Mitte	01Y09	Diesterweg-Schule (Gymnasium)	13357	Böttgerstr. 2-6	€1'080'000
01	Mitte	01Y11	Max-Planck-Schule (Gymnasium)	10179	Singerstr. 8A	€1'560'000
01	Mitte	01Y12	Gymnasium Tiergarten	10555	Altonaer Str. 26	€280'000
02	Friedrichshain-Kreuzberg	02G01	Spartacus-Grundschule	10249	Friedenstr. 40-45	€830'000
02	Friedrichshain-Kreuzberg	02G02	Hausburg-Grundschule	10249	Hausburgstr. 20	€6'600'000
02	Friedrichshain-Kreuzberg	02G03	Justus-von-Liebig-Grundschule	10247	Liebigstr. 18A	€5'430'000
02	Friedrichshain-Kreuzberg	02G04	Pettenkofer-Grundschule	10247	Pettenkoferstr. 20-24	€5'070'000
02	Friedrichshain-Kreuzberg	02G07	Ludwig-Hoffmann-Grundschule	10243	Lasdehner Str. 21-23	€1'710'000
02	Friedrichshain-Kreuzberg	02G08	Grundschule am Traveplatz	10247	Jessnerstr. 24-32	€3'040'000
02	Friedrichshain-Kreuzberg	02G09	Zille-Grundschule	10245	Boxhagener Str. 46	€1'180'000
02	Friedrichshain-Kreuzberg	02G10	Modersohn-Grundschule	10245	Niemannstr. 3	€510'000
02	Friedrichshain-Kreuzberg	02G11	Thalia-Grundschule	10245	Alt-Stralau 34	€650'000
02	Friedrichshain-Kreuzberg	02G12	Kurt-Schumacher-Grundschule	10969	Puttkamerstr. 19	€9'640'000
02	Friedrichshain-Kreuzberg	02G13	Charlotte-Salomon-Grundschule	10965	Großbeerenstr. 40	€4'510'000
02	Friedrichshain-Kreuzberg	02G14	Galilei-Grundschule	10969	Friedrichstr. 13	€4'850'000
02	Friedrichshain-Kreuzberg	02G16	Lenau-Grundschule	10961	Nostitzstr. 60	€11'630'000
02	Friedrichshain-Kreuzberg	02G18	Nürtingen-Grundschule	10997	Mariannenplatz 28	€13'480'000
02	Friedrichshain-Kreuzberg	02G19	Fanny-Hensel-Grundschule	10963	Schöneberger Str. 23	€2'180'000
02	Friedrichshain-Kreuzberg	02G20	Bürgermeister-Herz-Grundschule	10961	Wilmsstr. 10	€3'380'000
02	Friedrichshain-Kreuzberg	02G21	Reinhardswald-Grundschule	10961	Gneisenaustr. 73-74	€9'380'000
02	Friedrichshain-Kreuzberg	02G22	Jens-Nydahl-Grundschule	10999	Kohlfurter Str. 20	€8'080'000
02	Friedrichshain-Kreuzberg	02G23	Fichtelgebirge-Grundschule	10997	Görlitzer Ufer 2	€6'580'000
02	Friedrichshain-Kreuzberg	02G24	Otto-Wels-Grundschule	10969	Alexandrinenstr. 12	€6'240'000
02	Friedrichshain-Kreuzberg	02G26	Lemgo-Grundschule	10967	Böckhstr. 5	€6'020'000
02	Friedrichshain-Kreuzberg	02G27	Hunsrück-Grundschule	10999	Manteuffelstr. 79	€6'650'000
02	Friedrichshain-Kreuzberg	02G29	Heinrich-Zille-Grundschule	10997	Waldemarstr. 118	€4'040'000
02	Friedrichshain-Kreuzberg	02G31	Adolf-Glaßbrenner-Grundschule	10965	Hagelberger Str. 34	€3'570'000
02	Friedrichshain-Kreuzberg	02G32	Clara-Grunwald-Grundschule	10963	Hallesche Str. 24	€3'580'000
02	Friedrichshain-Kreuzberg	02G33	Aziz-Nesin-Grundschule	10961	Urbanstr. 15	€4'510'000
02	Friedrichshain-Kreuzberg	02G34	34. Schule (Grundschule)	10247	Scharnweberstr. 19	€270'000
02	Friedrichshain-Kreuzberg	02G35	Rosa-Parks-Grundschule	10999	Reichenberger Str. 65	€13'200'000
02	Friedrichshain-Kreuzberg	02G36	36. Schule (Grundschule)	10243	Andreasstr. 50	€2'960'000
02	Friedrichshain-Kreuzberg	02K01	Ellen-Key-Schule	10243	Rüdersdorfer Str. 20-28	€6'230'000
02	Friedrichshain-Kreuzberg	02K02	Carl-von-Ossietzky-Schule (Gemeinschaftsschule)	10961	Blücherstr. 46	€6'460'000
02	Friedrichshain-Kreuzberg	02K03	Hector-Peterson-Schule	10963	Tempelhofer Ufer 15	€10'060'000
02	Friedrichshain-Kreuzberg	02K04	Lina-Morgenstern-Schule (Gemeinschaftsschule)	10961	Gneisenaustr. 7	€10'910'000
02	Friedrichshain-Kreuzberg	02K05	Schule am Königstor (Integrierte Sekundarschule)	10249	Weinstr. 3	€200'000
02	Friedrichshain-Kreuzberg	02K06	Emanuel-Lasker-Schule	10245	Modersohnstr. 53	€2'220'000
02	Friedrichshain-Kreuzberg	02K07	Georg-Weerth-Schule	10249	Eckertstr. 16	€4'850'000
02	Friedrichshain-Kreuzberg	02K08	Refik-Veseli-Schule (Integrierte Sekundarschule)	10997	Skalitzer Str. 55	€12'150'000
02	Friedrichshain-Kreuzberg	02K09	Albrecht-von-Graefe-Schule (Integrierte Sekundarschule)	10967	Graefestr. 85-88	€5'000'000
02	Friedrichshain-Kreuzberg	02K10	Ferdinand-Freiligrath-Schule (Integrierte Sekundarschule)	10961	Bergmannstr. 64	€5'920'000
02	Friedrichshain-Kreuzberg	02S01	Schule am Friedrichshain	10243	Lasdehner Str. 19	€1'190'000
02	Friedrichshain-Kreuzberg	02S02	Gustav-Meyer-Schule	10999	Kohlfurter Str. 22	€9'190'000
02	Friedrichshain-Kreuzberg	02S03	Margarethe-von-Witzleben-Schule	10243	Palisadenstr. 76-77	€3'840'000
02	Friedrichshain-Kreuzberg	02S06	Liebmann-Schule	10969	Friedrichstr. 13	€0
02	Friedrichshain-Kreuzberg	02Y01	Andreas-Oberschule	10243	Koppenstr. 76	€7'280'000
02	Friedrichshain-Kreuzberg	02Y03	Heinrich-Hertz-Oberschule	10247	Rigaer Str. 81-82	€7'780'000
02	Friedrichshain-Kreuzberg	02Y04	Georg-Friedrich-Händel-Gymnasium	10247	Frankfurter Allee 6A	€2'080'000
02	Friedrichshain-Kreuzberg	02Y05	Dathe-Gymnasium	10243	Helsingforser Str. 11-13	€6'000'000
02	Friedrichshain-Kreuzberg	02Y06	Leibniz-Gymnasium	10961	Schleiermacherstr. 23	€6'880'000
02	Friedrichshain-Kreuzberg	02Y07	Robert-Koch-Gymnasium	10967	Dieffenbachstr. 60	€6'680'000
02	Friedrichshain-Kreuzberg	02Y08	Hermann-Hesse-Oberschule	10967	Böckhstr. 16	€10'030'000
03	Pankow	03G01	Schule am Hamburger Platz (Grundschule)	13086	Gustav-Adolf-Str. 21	€3'470'000
03	Pankow	03G02	Heinrich-Roller-Grundschule	10405	Heinrich-Roller-Str. 18	€7'620'000
03	Pankow	03G03	Grundschule am Kollwitzplatz	10435	Knaackstr. 67	€1'880'000
03	Pankow	03G04	Grundschule an der Marie	10405	Christburger Str. 7	€3'580'000
03	Pankow	03G05	Homer-Grundschule	10407	Pasteurstr. 10-12	€3'780'000
03	Pankow	03G06	Bötzow-Grundschule	10407	John-Schehr-Str. 38	€1'390'000
03	Pankow	03G08	Grundschule am Planetarium	10405	Ella-Kay-Str. 47	€5'430'000
03	Pankow	03G09	Thomas-Mann-Grundschule	10437	Greifenhagener Str. 58-59	€1'850'000
03	Pankow	03G10	Grundschule am Hohen Feld	13125	Bedeweg 1	€1'820'000
03	Pankow	03G11	Schule am Falkplatz (Grundschule)	10437	Gleimstr. 49	€7'880'000
03	Pankow	03G12	Paul-Lincke-Grundschule	10409	Pieskower Weg 39	€1'350'000
03	Pankow	03G13	Rudolf-Dörrier-Grundschule	13158	Kastanienallee 59	€4'910'000
03	Pankow	03G14	Bornholmer Grundschule	10439	Ibsenstr. 17	€9'620'000
03	Pankow	03G16	Grundschule am Teutoburger Platz	10119	Templiner Str. 1-3	€80'000
03	Pankow	03G17	Grundschule am Weißen See	13086	Amalienstr. 6	€8'790'000
03	Pankow	03G18	Picasso-Grundschule	13088	Gounodstr. 71	€3'460'000
03	Pankow	03G20	Grundschule im Moselviertel	13088	Brodenbacher Weg 31	€2'930'000
03	Pankow	03G21	Grundschule unter den Bäumen	13129	Alt-Blankenburg 26	€2'940'000
03	Pankow	03G22	Grundschule am Wasserturm	13089	Tino-Schwierzina-Str. 66	€0
03	Pankow	03G23	Grundschule Alt-Karow	13125	Bahnhofstr. 32	€3'270'000
03	Pankow	03G24	Grundschule im Panketal	13125	Achillesstr. 31	€4'140'000
03	Pankow	03G25	Carl-Humann-Grundschule	10439	Scherenbergstr. 7	€1'440'000
03	Pankow	03G26	Arnold-Zweig-Grundschule	13187	Wollankstr. 131	€340'000
03	Pankow	03G27	Elizabeth-Shaw-Grundschule	13187	Grunowstr. 17	€3'040'000
03	Pankow	03G28	Grundschule im Hasengrund	13156	Charlottenstr. 19	€0
03	Pankow	03G29	Grundschule Am Sandhaus	13125	Wiltbergstr. 37-39	€770'000
03	Pankow	03G32	Grundschule an den Buchen	13156	Wilhelm-Wolff-Str. 19	€3'000'000
03	Pankow	03G33	Jeanne-Barez-Schule (Grundschule)	13127	Hauptstr. 66	€1'940'000
03	Pankow	03G34	Mendel-Grundschule	13187	Stiftsweg 3	€3'820'000
03	Pankow	03G35	Platanengrundschule	13159	Hauptstr. 20	€1'350'000
03	Pankow	03G36	Elisabeth-Christinen-Grundschule	13156	Lindenberger Str. 12	€7'650'000
03	Pankow	03G37	Klecks-Grundschule	13187	Brixener Str. 40	€490'000
03	Pankow	03G38	Grundschule im Blumenviertel	10407	Syringenplatz 30	€3'720'000
03	Pankow	03G39	Grundschule Wolkenstein	13189	Neumannstr. 65	€2'010'000
03	Pankow	03G40	Schule am Birkenhof	13127	Arnouxstr. 18	€1'640'000
03	Pankow	03G41	Trelleborg-Schule (Grundschule)	13189	Eschengraben 40	€5'660'000
03	Pankow	03G43	Grundschule Wilhelmsruh	13158	Lessingstr. 44	€2'100'000
03	Pankow	03G44	Georg-Zacharias-Grundschule	13088	Sulzfelder Str. 15	€1'800'000
03	Pankow	03G45	Grundschule im Hofgarten	10435	Danziger Str. 50	€680'000
03	Pankow	03G46	Grundschule im Eliashof	10437	Senefelderstr. 6	€1'140'000
03	Pankow	03G47	Schule an der Strauchwiese	13187	Mendelstr. 54	€0
03	Pankow	03K01	Kurt-Schwitters-Schule	10405	Greifswalder Str. 25	€3'560'000
03	Pankow	03K02	Kurt-Tucholsky-Schule (Integrierte Sekundarschule)	13189	Neumannstr. 9-11	€3'030'000
03	Pankow	03K03	Konrad-Duden-Schule (Integrierte Sekundarschule)	13156	Rolandstr. 35	€1'880'000
03	Pankow	03K04	Gustave-Eiffel-Schule	10409	Hanns-Eisler-Str. 78-80	€7'020'000
03	Pankow	03K05	Heinz-Brandt-Schule	13086	Langhansstr. 120	€4'720'000
03	Pankow	03K06	Reinhold-Burger-Schule	13187	Neue Schönholzer Str. 32	€2'010'000
03	Pankow	03K07	Tesla-Schule (Gemeinschaftsschule)	10407	Rudi-Arndt-Str. 18	€9'900'000
03	Pankow	03K08	Hagenbeck-Schule	13086	Gustav-Adolf-Str. 60	€5'080'000
03	Pankow	03K09	Janusz-Korczak-Schule (Integrierte Sekundarschule)	13187	Dolomitenstr. 94	€3'820'000
03	Pankow	03K10	Hufeland-Schule (Integrierte Sekundarschule)	13125	Walter-Friedrich-Str. 16-18	€16'420'000
03	Pankow	03K11	Wilhelm-von-Humboldt-Schule (Gemeinschaftsschule)	10439	Erich-Weinert-Str. 70	€2'010'000
03	Pankow	03S01	Schule am Senefelderplatz	10435	Schönhauser Allee 165	€3'080'000
03	Pankow	03S03	Helene-Haeusler-Schule	10405	Mendelssohnstr. 10	€2'300'000
03	Pankow	03S07	Schule an der Heide	13156	Hermann-Hesse-Str. 48-52	€1'090'000
03	Pankow	03S08	Panke-Schule	13187	Galenusstr. 64	€0
03	Pankow	03S09	Schule an der Strauchwiese	13187	Mendelstr. 54	€200'000
03	Pankow	03S10	Marianne-Buggenhagen-Schule	13125	Ernst-Busch-Str. 29	€1'060'000
03	Pankow	03Y03	Käthe-Kollwitz-Gymnasium	10439	Dunckerstr. 65-66	€4'700'000
03	Pankow	03Y04	Heinrich-Schliemann-Gymnasium	10439	Dunckerstr. 64	€5'300'000
03	Pankow	03Y08	Carl-von-Ossietzky-Gymnasium	13187	Görschstr. 42-44	€520'000
03	Pankow	03Y10	Rosa-Luxemburg-Gymnasium	13189	Kissingenstr. 12	€0
03	Pankow	03Y13	Felix-Mendelssohn-Bartholdy-Gymnasium	10407	Eugen-Schönhaar-Str. 18	€0
03	Pankow	03Y14	Primo-Levi-Gymnasium	13086	Pistoriusstr. 133	€19'850'000
03	Pankow	03Y15	Max-Delbrück-Gymnasium	13156	Kuckhoffstr. 2-22	€8'200'000
03	Pankow	03Y16	Robert-Havemann-Gymnasium	13125	Achillesstr. 79	€7'260'000
03	Pankow	03Y17	17. Schule (Gymnasium)	10407	Conrad-Blenkle-Str. 34	€0
04	Charlottenburg-Wilmersdorf	04G01	Eichendorff-Grundschule	10625	Goethestr. 19	€4'660'000
04	Charlottenburg-Wilmersdorf	04G02	Lietzensee-Grundschule	14057	Witzlebenstr. 34	€4'350'000
04	Charlottenburg-Wilmersdorf	04G04	Joan-Miró-Grundschule	10623	Bleibtreustr. 43	€8'030'000
04	Charlottenburg-Wilmersdorf	04G05	Dietrich-Bonhoeffer-Grundschule	14050	Spandauer Damm 205-215	€1'100'000
04	Charlottenburg-Wilmersdorf	04G06	Wald-Grundschule	14055	Waldschulallee 83-93	€3'850'000
04	Charlottenburg-Wilmersdorf	04G07	Ludwig-Cauer-Grundschule	10587	Cauerstr. 36-38	€6'920'000
04	Charlottenburg-Wilmersdorf	04G08	Mierendorff-Grundschule	10589	Mierendorffstr. 20-24	€9'500'000
04	Charlottenburg-Wilmersdorf	04G09	Erwin-von-Witzleben-Grundschule	13627	Halemweg 34	€2'840'000
04	Charlottenburg-Wilmersdorf	04G11	Helmuth-James-von-Moltke-Grundschule	13627	Heckerdamm 221	€4'440'000
04	Charlottenburg-Wilmersdorf	04G12	Schinkel-Grundschule	10585	Nithackstr. 8	€7'530'000
04	Charlottenburg-Wilmersdorf	04G13	Nehring-Grundschule	14059	Nehringstr. 9-10	€12'330'000
04	Charlottenburg-Wilmersdorf	04G14	Reinhold-Otto-Grundschule	14050	Leistikowstr. 7-8	€5'170'000
04	Charlottenburg-Wilmersdorf	04G15	Charles-Dickens-Grundschule	14055	Dickensweg 15	€3'230'000
04	Charlottenburg-Wilmersdorf	04G17	Johann-Peter-Hebel-Grundschule	10719	Emser Str. 50	€5'890'000
04	Charlottenburg-Wilmersdorf	04G18	Ernst-Habermann-Grundschule	10715	Prinzregentenstr. 33-34	€1'720'000
04	Charlottenburg-Wilmersdorf	04G19	Grundschule am Rüdesheimer Platz	14197	Rüdesheimer Str. 24-30	€7'900'000
04	Charlottenburg-Wilmersdorf	04G20	Katharina-Heinroth-Grundschule	10709	Münstersche Str. 15-17	€8'720'000
04	Charlottenburg-Wilmersdorf	04G21	Halensee-Grundschule	10711	Joachim-Friedrich-Str. 35-36	€6'620'000
04	Charlottenburg-Wilmersdorf	04G22	Grunewald-Grundschule	14193	Delbrückstr. 20A	€3'890'000
04	Charlottenburg-Wilmersdorf	04G23	Alt-Schmargendorf-Grundschule	14199	Reichenhaller Str. 8	€10'810'000
04	Charlottenburg-Wilmersdorf	04G24	Carl-Orff-Grundschule	14199	Berkaer Str. 9-10	€6'910'000
04	Charlottenburg-Wilmersdorf	04G25	Cecilien-Schule (Grundschule)	10717	Nikolsburger Platz 5	€6'060'000
04	Charlottenburg-Wilmersdorf	04G26	Birger-Forell-Grundschule	10715	Koblenzer Str. 22-24	€5'660'000
04	Charlottenburg-Wilmersdorf	04K02	Friedensburg-Schule	10623	Goethestr. 8-9	€12'860'000
04	Charlottenburg-Wilmersdorf	04K03	Robert-Jungk-Schule	10707	Sächsische Str. 58	€3'200'000
04	Charlottenburg-Wilmersdorf	04K05	Paula-Fürst-Schule (Gemeinschaftsschule)	10629	Sybelstr. 20-21	€5'350'000
04	Charlottenburg-Wilmersdorf	04K06	Schule am Schloss (Integrierte Sekundarschule)	14059	Schloßstr. 55A	€12'530'000
04	Charlottenburg-Wilmersdorf	04K07	Integrierte Sekundarschule Wilmersdorf	14199	Kranzer Str. 3	€8'520'000
04	Charlottenburg-Wilmersdorf	04K08	Peter-Ustinov-Schule	14057	Kuno-Fischer-Str. 22-26	€2'530'000
04	Charlottenburg-Wilmersdorf	04K09	Otto-von-Guericke-Schule (Integrierte Sekundarschule)	10709	Eisenzahnstr. 47-48	€11'540'000
04	Charlottenburg-Wilmersdorf	04S02	Arno-Fuchs-Schule	10585	Richard-Wagner-Str. 30	€3'840'000
04	Charlottenburg-Wilmersdorf	04S04	Reinfelder-Schule	14055	Maikäferpfad 30	€6'230'000
04	Charlottenburg-Wilmersdorf	04S05	Ernst-Adolf-Eschke-Schule für Gehörlose	14055	Waldschulallee 29	€650'000
04	Charlottenburg-Wilmersdorf	04S06	Finkenkrug-Schule	10713	Mannheimer Str. 21-22	€1'780'000
04	Charlottenburg-Wilmersdorf	04S07	Comenius-Schule	10713	Gieselerstr. 4	€11'020'000
04	Charlottenburg-Wilmersdorf	04Y01	Schiller-Gymnasium	10625	Schillerstr. 125-127	€11'340'000
04	Charlottenburg-Wilmersdorf	04Y02	Wald-Gymnasium	14055	Waldschulallee 95	€5'230'000
04	Charlottenburg-Wilmersdorf	04Y03	Sophie-Charlotte-Gymnasium	10629	Sybelstr. 2	€7'210'000
04	Charlottenburg-Wilmersdorf	04Y04	Gottfried-Keller-Gymnasium	10589	Olbersstr. 38	€13'390'000
04	Charlottenburg-Wilmersdorf	04Y05	Herder-Gymnasium	14052	Westendallee 45-46	€5'030'000
04	Charlottenburg-Wilmersdorf	04Y06	Heinz-Berggruen-Gymnasium	14052	Bayernallee 4	€2'160'000
04	Charlottenburg-Wilmersdorf	04Y07	Friedrich-Ebert-Gymnasium	10713	Blissestr. 22	€8'430'000
04	Charlottenburg-Wilmersdorf	04Y08	Hildegard-Wegscheider-Gymnasium	14193	Lassenstr. 16-20	€4'390'000
04	Charlottenburg-Wilmersdorf	04Y09	Walther-Rathenau-Gymnasium	14193	Herbertstr. 2-6	€6'370'000
04	Charlottenburg-Wilmersdorf	04Y10	Marie-Curie-Gymnasium	10715	Weimarische Str. 21	€5'050'000
04	Charlottenburg-Wilmersdorf	04Y11	Goethe-Gymnasium	10717	Gasteiner Str. 23	€7'130'000
05	Spandau	05G01	Ernst-Ludwig-Heim-Grundschule	13597	Grunewaldstr. 8	€4'450'000
05	Spandau	05G02	Grundschule am Eichenwald	13587	Gaismannshofer Weg 2	€6'710'000
05	Spandau	05G03	Birken-Grundschule	13585	Hügelschanze 8-9	€7'950'000
05	Spandau	05G04	Klosterfeld-Grundschule	13583	Seegefelder Str. 125	€2'480'000
05	Spandau	05G05	Christoph-Földerich-Grundschule	13595	Földerichplatz 5	€7'860'000
05	Spandau	05G06	Siegerland-Grundschule	13589	Hermann-Schmidt-Weg 4	€5'410'000
05	Spandau	05G07	Lynar-Grundschule	13585	Lutherstr. 19-20	€1'030'000
05	Spandau	05G08	Konkordia-Grundschule	13581	Elsflether Weg 26	€4'880'000
05	Spandau	05G09	Schule am Grüngürtel	13585	Askanierring 42	€0
05	Spandau	05G10	Grundschule am Birkenhain	13581	Seeburger Str. 59	€2'580'000
05	Spandau	05G11	Robert-Reinick-Grundschule	13629	Jungfernheideweg 33-48	€4'340'000
05	Spandau	05G12	Grundschule am Weinmeisterhorn	13593	Daberkowstr. 27	€4'240'000
05	Spandau	05G13	Bernd-Ryke-Grundschule	13599	Daumstr. 12	€5'310'000
05	Spandau	05G14	Linden-Grundschule	13591	Staakener Feldstr. 6-8	€4'040'000
05	Spandau	05G15	Askanier-Grundschule	13583	Borkzeile 34	€6'390'000
05	Spandau	05G16	Zeppelin-Grundschule	13591	Heidebergplan 3-4	€3'840'000
05	Spandau	05G17	Astrid-Lindgren-Grundschule	13591	Südekumzeile 5	€5'090'000
05	Spandau	05G18	Grundschule im Beerwinkel	13589	Im Spektefeld 31	€7'500'000
05	Spandau	05G19	Grundschule am Ritterfeld	14089	Schallweg 31	€2'560'000
05	Spandau	05G20	Carl-Schurz-Grundschule	13587	Hakenfelder Str. 32	€4'310'000
05	Spandau	05G21	Paul Moor Schule	13595	Adamstr. 24-25	€0
05	Spandau	05G22	Christian-Morgenstern-Grundschule	13593	Räcknitzer Steig 12	€1'800'000
05	Spandau	05G23	Grundschule am Brandwerder	13591	Spandauer Str. 86	€4'010'000
05	Spandau	05G24	Grundschule am Windmühlenberg	14089	Am Kinderdorf 23-37	€3'300'000
05	Spandau	05G25	Grundschule am Wasserwerk	13589	Pionierstr. 197	€3'240'000
05	Spandau	05G26	Grundschule am Amalienhof	13593	Weinmeisterhornweg 122	€3'650'000
05	Spandau	05G27	Charlie-Rivel-Grundschule	13585	Flankenschanze 20	€670'000
05	Spandau	05G28	Grundschule an der Pulvermühle	13599	Grützmacherweg 7	€630'000
05	Spandau	05G29	Mary-Poppins-Grundschule	14089	Am Flugplatz Gatow 20	€340'000
05	Spandau	05G30	30. Schule	13585	Hügelschanze 8-9	€0
05	Spandau	05K01	Martin-Buber-Oberschule (Integrierte Sekundarschule)	13589	Im Spektefeld 33	€12'140'000
05	Spandau	05K02	Carlo-Schmid-Oberschule (Integrierte Sekundarschule)	13581	Lutoner Str. 15-19	€12'710'000
05	Spandau	05K03	Bertolt-Brecht-Oberschule (Integrierte Sekundarschule)	13595	Wilhelmstr. 10	€10'580'000
05	Spandau	05K04	Heinrich-Böll-Oberschule (Integrierte Sekundarschule)	13587	Am Forstacker 9-11	€1'600'000
05	Spandau	05K05	B.-Traven-Gemeinschaftsschule	13583	Recklinghauser Weg 26-32	€10'320'000
05	Spandau	05K06	Wolfgang-Borchert-Schule (Integrierte Sekundarschule)	13585	Blumenstr. 13	€4'160'000
05	Spandau	05K07	Schule an der Jungfernheide (Integrierte Sekundarschule)	13629	Lenther Steig 1-3	€1'770'000
05	Spandau	05K08	Schule an der Haveldüne (Integrierte Sekundarschule)	13595	Jaczostr. 53-67	€14'500'000
05	Spandau	05K09	Schule am Staakener Kleeblatt (Integrierte Sekundarschule)	13591	Brunsbütteler Damm 431-437	€4'840'000
05	Spandau	05S01	Schule am Grüngürtel	13585	Askanierring 42	€2'780'000
05	Spandau	05S02	Paul-Moor-Schule	13595	Adamstr. 24-25	€3'890'000
05	Spandau	05S03	Schule am Gartenfeld	13599	Gartenfelder Str. 81	€9'050'000
05	Spandau	05S04	Schule am Stadtrand	13589	Pionierstr. 197	€0
05	Spandau	05Y01	Freiherr-vom-Stein-Gymnasium	13597	Galenstr. 40-44	€0
05	Spandau	05Y02	Kant-Gymnasium	13585	Bismarckstr. 54	€14'620'000
05	Spandau	05Y03	Hans-Carossa-Gymnasium	14089	Am Landschaftspark Gatow 40	€3'100'000
05	Spandau	05Y04	Carl-Friedrich-von-Siemens-Gymnasium	13629	Jungfernheideweg 79	€8'450'000
05	Spandau	05Y05	Lily-Braun-Gymnasium	13597	Münsingerstr. 2	€20'000
06	Steglitz-Zehlendorf	06G01	Nord-Grundschule	14163	Potsdamer Str. 7	€6'260'000
06	Steglitz-Zehlendorf	06G02	Süd-Grundschule	14165	Claszeile 56	€9'290'000
06	Steglitz-Zehlendorf	06G03	Johannes-Tews-Grundschule	14129	Wasgenstr. 50	€9'540'000
06	Steglitz-Zehlendorf	06G04	Erich-Kästner-Grundschule	14195	Bachstelzenweg 2-8	€3'660'000
06	Steglitz-Zehlendorf	06G05	Conrad-Schule (Grundschule)	14109	Schulstr. 4	€6'180'000
06	Steglitz-Zehlendorf	06G06	Mühlenau-Grundschule	14195	Molsheimer Str. 7	€5'870'000
06	Steglitz-Zehlendorf	06G07	Zinnowwald-Grundschule	14163	Wilskistr. 78	€9'090'000
06	Steglitz-Zehlendorf	06G08	Schweizerhof-Grundschule	14167	Leo-Baeck-Str. 28-30	€3'930'000
06	Steglitz-Zehlendorf	06G09	Dreilinden-Grundschule	14109	Dreilindenstr. 65	€400'000
06	Steglitz-Zehlendorf	06G10	Grundschule am Buschgraben	14165	Ludwigsfelder Str. 43-47	€1'460'000
06	Steglitz-Zehlendorf	06G11	Grundschule Am Rohrgarten (Gemeinschaftsschule)	14163	Am Rohrgarten 9	€730'000
06	Steglitz-Zehlendorf	06G12	Quentin-Blake-Grundschule	14195	Hüttenweg 40	€4'760'000
06	Steglitz-Zehlendorf	06G14	Sachsenwald-Grundschule	12157	Sachsenwaldstr. 20-21	€3'490'000
06	Steglitz-Zehlendorf	06G15	Dunant-Grundschule	12163	Gritznerstr. 19-23	€5'880'000
06	Steglitz-Zehlendorf	06G16	Rothenburg-Grundschule	12165	Rothenburgstr. 18	€30'000
06	Steglitz-Zehlendorf	06G17	Grundschule am Insulaner	12169	Hanstedter Weg 11-15	€4'430'000
06	Steglitz-Zehlendorf	06G18	Athene-Grundschule	12205	Curtiusstr. 37	€4'500'000
06	Steglitz-Zehlendorf	06G20	Alt-Lankwitzer Grundschule	12247	Schulstr. 17-21	€4'600'000
06	Steglitz-Zehlendorf	06G21	Paul-Schneider-Grundschule	12249	Seydlitzstr. 30-34	€5'380'000
06	Steglitz-Zehlendorf	06G22	Giesensdorfer Grundschule	12207	Ostpreußendamm 63	€4'500'000
06	Steglitz-Zehlendorf	06G23	Kronach-Grundschule	12203	Moltkestr. 24-26	€8'280'000
06	Steglitz-Zehlendorf	06G24	Grundschule unter den Kastanien	12209	Kastanienstr. 6 -8	€5'770'000
06	Steglitz-Zehlendorf	06G25	Clemens-Brentano-Grundschule	12205	Kommandantenstr. 83-84	€10'800'000
06	Steglitz-Zehlendorf	06G26	Käthe-Kruse-Grundschule	12203	Tietzenweg 108	€3'150'000
06	Steglitz-Zehlendorf	06G27	Grundschule am Königsgraben	12249	Gallwitzallee 136-144	€4'380'000
06	Steglitz-Zehlendorf	06G28	Ludwig-Bechstein-Grundschule	12249	Halbauer Weg 25	€5'790'000
06	Steglitz-Zehlendorf	06G29	Grundschule am Karpfenteich	12209	Hildburghauser Str. 135	€4'540'000
06	Steglitz-Zehlendorf	06G30	Mercator-Grundschule	12207	Mercatorweg 8-10	€5'860'000
06	Steglitz-Zehlendorf	06G31	Grundschule an der Bäke	12203	Haydnstr. 15	€8'200'000
06	Steglitz-Zehlendorf	06G32	Grundschule am Stadtpark Steglitz	12167	Karl-Stieler-Str. 10-11	€2'760'000
06	Steglitz-Zehlendorf	06G33	Friedrich-Drake-Schule	12205	Drakestr. 80	€1'190'000
06	Steglitz-Zehlendorf	06K01	John-F.-Kennedy-Schule	14167	Teltower Damm 87-93	€28'540'000
06	Steglitz-Zehlendorf	06K02	Wilma-Rudolph-Schule (Integrierte Sekundarschule)	14169	Am Hegewinkel 2A	€13'210'000
06	Steglitz-Zehlendorf	06K03	Kopernikus-Schule (Integrierte Sekundarschule)	12163	Lepsiusstr. 24-28	€7'190'000
06	Steglitz-Zehlendorf	06K04	Bröndby-Schule (Integrierte Sekundarschule)	12249	Dessauerstr. 63	€15'120'000
06	Steglitz-Zehlendorf	06K06	Anna Essinger Gemeinschaftsschule	12203	Tietzenweg 101	€7'000'000
06	Steglitz-Zehlendorf	06K08	Max-von-Laue-Schule	12203	Dürerstr. 27	€1'100'000
06	Steglitz-Zehlendorf	06K09	Gail-S.-Halvorsen-Integrierte Sekundarschule	14195	Im Gehege 6	€12'060'000
06	Steglitz-Zehlendorf	06K10	Helene-Lange-Schule (Integrierte Sekundarschule)	12169	Lauenburger Str. 110	€7'550'000
06	Steglitz-Zehlendorf	06S01	Pestalozzi-Schule	14163	Hartmannsweilerweg 47	€3'630'000
06	Steglitz-Zehlendorf	06S02	Biesalski-Schule	14195	Hüttenweg 40	€7'170'000
06	Steglitz-Zehlendorf	06S03	Peter-Frankenfeld-Schule	12247	Wedellstr. 26	€2'100'000
06	Steglitz-Zehlendorf	06S05	J.-A.-Zeune-Schule für Blinde und Berufsfachschule Dr. Silex	12165	Rothenburgstr. 14	€6'230'000
06	Steglitz-Zehlendorf	06Y01	Schadow-Gymnasium	14163	Beuckestr. 27-29	€20'090'000
06	Steglitz-Zehlendorf	06Y02	Droste-Hülshoff-Oberschule	14165	Schönower Str. 8	€13'340'000
06	Steglitz-Zehlendorf	06Y03	Arndt-Gymnasium Dahlem	14195	Königin-Luise-Str. 80-84	€0
06	Steglitz-Zehlendorf	06Y04	Dreilinden-Gymnasium	14109	Dreilindenstr. 49	€9'320'000
06	Steglitz-Zehlendorf	06Y05	Werner-von-Siemens-Oberschule	14129	Beskidenstr. 3	€9'310'000
06	Steglitz-Zehlendorf	06Y06	Beethoven-Oberschule	12249	Barbarastr. 9	€14'610'000
06	Steglitz-Zehlendorf	06Y07	Paulsen-Gymnasium	12163	Gritznerstr. 57	€9'530'000
06	Steglitz-Zehlendorf	06Y08	Hermann-Ehlers-Oberschule	12169	Elisenstr. 3-4	€10'150'000
06	Steglitz-Zehlendorf	06Y09	Fichtenberg-Oberschule	12165	Rothenburgstr. 18	€0
06	Steglitz-Zehlendorf	06Y10	Lilienthal-Gymnasium	12203	Ringstr. 2-3	€10'470'000
06	Steglitz-Zehlendorf	06Y11	Goethe-Gymnasium Lichterfelde	12205	Drakestr. 72-75	€10'030'000
06	Steglitz-Zehlendorf	06Y12	Willi-Graf-Gymnasium	12207	Ostpreußendamm 166	€7'300'000
06	Steglitz-Zehlendorf	06Y13	Gymnasium Steglitz	12169	Heesestr. 15	€6'690'000
07	Tempelhof-Schöneberg	07G01	Spreewald-Grundschule	10781	Pallasstr. 15	€8'500'000
07	Tempelhof-Schöneberg	07G02	Finow-Grundschule	10777	Welserstr. 16-22	€5'750'000
07	Tempelhof-Schöneberg	07G03	Werbellinsee-Grundschule	10781	Luitpoldstr. 38	€1'920'000
07	Tempelhof-Schöneberg	07G05	Havelland-Grundschule	10829	Kolonnenstr. 30	€2'910'000
07	Tempelhof-Schöneberg	07G06	Sternberg-Grundschule	10825	Mettestr. 8	€2'300'000
07	Tempelhof-Schöneberg	07G07	Lindenhof-Grundschule	12105	Reglinstr. 29	€3'200'000
07	Tempelhof-Schöneberg	07G10	Teltow-Grundschule	10827	Feurigstr. 57	€8'360'000
07	Tempelhof-Schöneberg	07G12	Scharmützelsee-Grundschule	10779	Hohenstaufenstr. 49	€6'940'000
07	Tempelhof-Schöneberg	07G13	Neumark-Grundschule	10783	Steinmetzstr. 46-50	€6'420'000
07	Tempelhof-Schöneberg	07G14	Löcknitz-Grundschule	10779	Berchtesgadener Str. 10-11	€3'530'000
07	Tempelhof-Schöneberg	07G15	Fläming-Grundschule	12161	Illstr. 4-6	€7'250'000
07	Tempelhof-Schöneberg	07G16	Ruppin-Grundschule	14197	Offenbacher Str. 5A	€12'860'000
07	Tempelhof-Schöneberg	07G17	Stechlinsee-Grundschule	12161	Rheingaustr. 7	€2'800'000
07	Tempelhof-Schöneberg	07G18	Grundschule am Barbarossaplatz	10781	Barbarossaplatz 5	€6'020'000
07	Tempelhof-Schöneberg	07G19	Paul-Simmel-Grundschule	12099	Felixstr. 26-58	€7'990'000
07	Tempelhof-Schöneberg	07G20	Maria-Montessori-Grundschule	12103	Friedrich-Wilhelm-Str. 72-74	€4'870'000
07	Tempelhof-Schöneberg	07G21	Grundschule auf dem Tempelhofer Feld	12101	Schulenburgring 7-11	€5'380'000
07	Tempelhof-Schöneberg	07G22	Paul-Klee-Grundschule	12105	Konradinstr. 15-17	€8'260'000
07	Tempelhof-Schöneberg	07G23	Schätzelberg-Grundschule	12109	Wolfsburger Weg 13-19	€5'840'000
07	Tempelhof-Schöneberg	07G24	Tempelherren-Grundschule	12101	Boelckestr. 58-60	€11'680'000
07	Tempelhof-Schöneberg	07G25	Ludwig-Heck-Grundschule	12105	Königstr. 32	€7'430'000
07	Tempelhof-Schöneberg	07G26	Grundschule im Taunusviertel	12309	Wiesbadener Str. 20	€3'640'000
07	Tempelhof-Schöneberg	07G27	Rudolf-Hildebrand-Grundschule	12107	Friedenstr. 23-25	€8'980'000
07	Tempelhof-Schöneberg	07G28	Kiepert-Grundschule	12277	Prechtlstr. 21-23	€9'350'000
07	Tempelhof-Schöneberg	07G29	Käthe-Kollwitz-Grundschule	12307	Mellener Str. 38-42	€2'840'000
07	Tempelhof-Schöneberg	07G30	Annedore-Leber-Grundschule	12305	Halker Zeile 137-149	€5'190'000
07	Tempelhof-Schöneberg	07G31	Carl-Sonnenschein-Grundschule	12109	Am Hellespont 4-6	€710'000
07	Tempelhof-Schöneberg	07G32	Bruno-H.-Bürgel-Grundschule	12305	Rackebüller Weg 70	€6'710'000
07	Tempelhof-Schöneberg	07G34	Marienfelder Schule (Grundschule)	12279	Erbendorfer Weg 13	€8'530'000
07	Tempelhof-Schöneberg	07G35	Nahariya-Grundschule	12309	Nahariyastr. 13-17	€570'000
07	Tempelhof-Schöneberg	07G36	Grundschule am Dielingsgrund	12305	Dielingsgrund 35	€7'040'000
07	Tempelhof-Schöneberg	07G37	Ikarus-Grundschule	12107	Körtingstr. 45	€6'900'000
07	Tempelhof-Schöneberg	07K01	Sophie-Scholl-Schule	10781	Elßholzstr. 34-37	€16'340'000
07	Tempelhof-Schöneberg	07K02	Carl-Zeiss-Schule	12305	Barnetstr. 12-14	€3'200'000
07	Tempelhof-Schöneberg	07K03	Gustav-Heinemann-Schule	12279	Waldsassener Str. 62	€3'200'000
07	Tempelhof-Schöneberg	07K04	Theodor-Haubach-Schule	12305	Grimmstr. 9-11	€12'660'000
07	Tempelhof-Schöneberg	07K05	Solling-Schule	12277	Alt-Marienfelde 52	€13'740'000
07	Tempelhof-Schöneberg	07K06	Georg-von-Giesche-Schule	10779	Hohenstaufenstr. 47-48	€9'720'000
07	Tempelhof-Schöneberg	07K07	Johanna-Eck-Schule (Integrierte Sekundarschule)	12105	Ringstr. 103-106	€13'340'000
07	Tempelhof-Schöneberg	07K09	Gustav-Langenscheidt-Schule	10823	Belziger Str. 43-51	€12'540'000
07	Tempelhof-Schöneberg	07K10	Friedrich-Bergius-Schule	12159	Perelsplatz 6-9	€8'750'000
07	Tempelhof-Schöneberg	07K12	Friedenauer Gemeinschaftsschule	12157	Rubensstr. 63	€0
07	Tempelhof-Schöneberg	07K13	Schule am Berlinickeplatz (Integrierte Sekundarschule)	12103	Alt-Tempelhof 53-57	€10'300'000
07	Tempelhof-Schöneberg	07S01	Prignitz-Schule	12157	Pöppelmannstr. 2	€7'540'000
07	Tempelhof-Schöneberg	07S03	Steinwald-Schule	12277	Hanielweg 7-9	€0
07	Tempelhof-Schöneberg	07S04	Marianne-Cohn-Schule	12099	Holzmannstr. 7	€5'770'000
07	Tempelhof-Schöneberg	07Y01	Robert-Blum-Gymnasium	10829	Kolonnenstr. 21	€7'560'000
07	Tempelhof-Schöneberg	07Y02	Rückert-Gymnasium	10825	Mettestr. 8	€18'070'000
07	Tempelhof-Schöneberg	07Y03	Rheingau-Gymnasium	12161	Schwalbacher Str. 3-4	€10'360'000
07	Tempelhof-Schöneberg	07Y04	Paul-Natorp-Gymnasium	12161	Goßlerstr. 13-15	€0
07	Tempelhof-Schöneberg	07Y05	Luise-Henriette-Gymnasium	12099	Germaniastr. 4-6	€0
07	Tempelhof-Schöneberg	07Y06	Askanisches Gymnasium	12103	Kaiserin-Augusta-Str. 19-20	€12'850'000
07	Tempelhof-Schöneberg	07Y07	Eckener-Gymnasium	12105	Kaiserstr. 17-21	€9'540'000
07	Tempelhof-Schöneberg	07Y08	Ulrich-von-Hutten-Gymnasium	12307	Rehagener Str. 35-37	€630'000
07	Tempelhof-Schöneberg	07Y09	Georg-Büchner-Gymnasium	12305	Lichtenrader Damm 224	€13'650'000
08	Neukölln	08G01	Rixdorfer Schule	12043	Donaustr. 120	€7'150'000
08	Neukölln	08G02	Theodor-Storm-Schule (Grundschule)	12043	Hobrechtstr. 76	€5'560'000
08	Neukölln	08G03	Hans-Fallada-Schule (Grundschule)	12059	Harzer Str. 73	€7'860'000
08	Neukölln	08G05	Elbe-Schule (Grundschule)	12045	Elbestr. 11	€0
08	Neukölln	08G06	Karl-Weise-Schule (Grundschule)	12049	Weisestr. 20	€3'670'000
08	Neukölln	08G07	Hermann-Boddin-Schule (Grundschule)	12053	Boddinstr. 55	€7'800'000
08	Neukölln	08G08	Karlsgarten-Schule (Grundschule)	12049	Karlsgartenstr. 7	€8'820'000
08	Neukölln	08G09	Regenbogen-Schule (Grundschule)	12053	Morusstr. 32	€5'360'000
08	Neukölln	08G11	Schliemann-Schule (Grundschule)	12355	Groß-Ziethener Chaussee 73	€3'740'000
08	Neukölln	08G12	Peter-Petersen-Schule (Grundschule)	12053	Jonasstr. 15	€1'880'000
08	Neukölln	08G13	Bruno-Taut-Schule (Grundschule)	12359	Bruno-Taut-Ring 9C	€4'530'000
08	Neukölln	08G14	Konrad-Agahd-Schule (Grundschule)	12053	Thomasstr. 39	€2'120'000
08	Neukölln	08G15	Hermann-Sander-Schule (Grundschule)	12051	Mariendorfer Weg 69	€7'130'000
08	Neukölln	08G16	Hugo-Heimann-Schule	12353	Hugo-Heimann-Str. 20	€5'280'000
08	Neukölln	08G17	Richard-Schule (Grundschule)	12055	Richardplatz 14	€3'070'000
08	Neukölln	08G18	Eduard-Mörike-Schule (Grundschule)	12059	Stuttgarter Str. 35-39	€7'930'000
08	Neukölln	08G19	Herman-Nohl-Schule (Grundschule)	12347	Hannemannstr. 69	€1'960'000
08	Neukölln	08G20	Sonnen-Schule (Grundschule)	12057	Dammweg 228	€4'060'000
08	Neukölln	08G21	Silberstein-Schule (Grundschule)	12051	Silbersteinstr. 42	€3'110'000
08	Neukölln	08G22	Schule am Regenweiher (Grundschule)	12351	Johannisthaler Chaussee 328	€5'490'000
08	Neukölln	08G23	Zürich-Schule (Grundschule)	12347	Wederstr. 49	€1'900'000
08	Neukölln	08G24	Schule am Teltowkanal (Grundschule)	12347	Rungiusstr. 46	€3'370'000
08	Neukölln	08G25	Michael-Ende-Schule (Grundschule)	12355	Neuhofer Str. 41	€4'280'000
08	Neukölln	08G26	Christoph-Ruden-Schule (Grundschule)	12349	An den Achterhöfen 13	€6'530'000
08	Neukölln	08G27	Oskar-Heinroth-Schule (Grundschule)	12359	Rohrdommelweg 1	€7'950'000
08	Neukölln	08G28	Matthias-Claudius-Schule (Grundschule)	12355	Köpenicker Str. 148	€5'390'000
08	Neukölln	08G29	Wetzlar-Schule (Grundschule)	12351	Tischlerzeile 34	€5'070'000
08	Neukölln	08G30	Schule am Sandsteinweg (Grundschule)	12349	Hornblendeweg 2	€7'650'000
08	Neukölln	08G31	Janusz-Korczak-Schule (Grundschule)	12353	Wildhüterweg 5	€8'040'000
08	Neukölln	08G33	Schule am Fliederbusch (Grundschule)	12357	Kornradenstr. 2	€2'730'000
08	Neukölln	08G34	Lisa-Tetzner-Schule (Grundschule)	12353	Hasenhegerweg 12	€7'370'000
08	Neukölln	08G35	Schule in der Köllnischen Heide (Grundschule)	12057	Hänselstr. 6	€6'650'000
08	Neukölln	08G36	Löwenzahn-Schule (Grundschule)	12055	Drorystr. 3	€4'860'000
08	Neukölln	08G37	Rose-Oehmichen-Schule (Grundschule)	12355	Lieselotte-Berger-Str. 65	€1'330'000
08	Neukölln	08K01	Walter-Gropius-Schule (Gemeinschaftsschule)	12351	Fritz-Erler-Allee 86	€17'000'000
08	Neukölln	08K02	Hermann-von-Helmholtz-Schule	12353	Wutzkyallee 68	€14'400'000
08	Neukölln	08K03	Otto-Hahn-Schule	12359	Buschkrugallee 63	€3'240'000
08	Neukölln	08K04	Heinrich-Mann-Schule	12353	Gerlinger Str. 22	€6'880'000
08	Neukölln	08K05	Clay-Schule	12355	Bildhauerweg 9	€4'580'000
08	Neukölln	08K06	Fritz-Karsen-Schule (Gemeinschaftsschule)	12359	Onkel-Bräsig-Str. 76-78	€18'380'000
08	Neukölln	08K08	Gemeinschaftsschule auf dem Campus Rütli	12045	Rütlistr. 41	€13'070'000
08	Neukölln	08K09	Röntgen-Schule	12435	Wildenbruchstr. 53	€8'350'000
08	Neukölln	08K10	Zuckmayer-Schule	12053	Kopfstr. 55	€8'710'000
08	Neukölln	08K11	Alfred-Nobel-Schule	12347	Britzer Damm 164	€2'190'000
08	Neukölln	08K12	Kepler-Schule	12057	Zwillingestr. 21	€4'950'000
08	Neukölln	08K13	Gemeinschaftsschule Campus Efeuweg	12357	Efeuweg 34	€15'520'000
08	Neukölln	08S01	Adolf-Reichwein-Schule	12059	Sonnenallee 188	€5'350'000
08	Neukölln	08S03	Herman-Nohl-Schule	12347	Hannemannstr. 69	€0
08	Neukölln	08S04	Schule am Zwickauer Damm	12353	Zwickauer Damm 17-22	€3'770'000
08	Neukölln	08S05	Schule am Hasenhegerweg	12353	Hasenhegerweg 12	€0
08	Neukölln	08S06	Hans-Fallada-Schule	12059	Harzer Str. 73-74	€0
08	Neukölln	08S07	Schule am Bienwaldring	12349	Breitunger Weg 1	€6'840'000
08	Neukölln	08S08	Schilling-Schule	12359	Paster-Behrens-Str. 81	€11'040'000
08	Neukölln	08S09	Schule an der Windmühle	12349	Buckower Damm 176	€2'530'000
08	Neukölln	08Y01	Albrecht-Dürer-Gymnasium	12051	Emser Str. 132-137	€1'830'000
08	Neukölln	08Y02	Albert-Schweitzer-Gymnasium	12043	Karl-Marx-Str. 14	€9'830'000
08	Neukölln	08Y03	Albert-Einstein-Gymnasium	12359	Parchimer Allee 109	€15'780'000
08	Neukölln	08Y04	Ernst-Abbe-Gymnasium	12045	Sonnenallee 79	€680'000
08	Neukölln	08Y05	Leonardo-da-Vinci-Gymnasium	12349	Haewererweg 35	€1'750'000
08	Neukölln	08Y06	Hannah-Arendt-Gymnasium	12355	Elfriede-Kuhr-Str. 17	€3'800'000
09	Treptow-Köpenick	09A01	1. Schulpraktisches Seminar Treptow-Köpenick	12557	Luisenstr. 16	€0
09	Treptow-Köpenick	09A05	Treptow-Kolleg	12437	Kiefholzstr. 274	€4'170'000
09	Treptow-Köpenick	09G01	Bouché-Schule (Grundschule)	12435	Bouchestr. 5-10	€3'820'000
09	Treptow-Köpenick	09G03	Schule am Heidekampgraben (Grundschule)	12437	Hänselstr. 14	€1'900'000
09	Treptow-Köpenick	09G04	Sonnenblumen-Schule (Grundschule)	12437	Radenzer Str. 16	€1'500'000
09	Treptow-Köpenick	09G05	Schule am Ginkobaum (Grundschule)	12487	Springbornstr. 250	€1'040'000
09	Treptow-Köpenick	09G06	Melli-Beese-Schule (Grundschule)	12487	Engelhardstr. 18	€2'790'000
09	Treptow-Köpenick	09G07	Schule an der alten Feuerwache (Grundschule)	12439	Schnellerstr. 31	€3'830'000
09	Treptow-Köpenick	09G09	Heide-Schule (Grundschule)	12489	Florian-Geyer-Str. 87	€6'510'000
09	Treptow-Köpenick	09G10	Schule am Berg (Grundschule)	12524	Köpenicker Str. 31	€3'230'000
09	Treptow-Köpenick	09G11	Schule am Pegasuseck (Grundschule)	12524	Pegasuseck 5	€3'060'000
09	Treptow-Köpenick	09G13	Schule am Altglienicker Wasserturm (Grundschule)	12524	Sachsenstr. 22	€4'440'000
09	Treptow-Köpenick	09G14	Schule am Buntzelberg (Grundschule)	12526	Schulzendorfer Str. 112	€4'500'000
09	Treptow-Köpenick	09G15	Schule am Mohnweg (Grundschule)	12524	Mohnweg 20	€3'340'000
09	Treptow-Köpenick	09G16	Wendenschloß-Schule (Grundschule)	12557	Köpenzeile 123	€4'470'000
09	Treptow-Köpenick	09G17	Uhlenhorst-Grundschule	12555	Wongrowitzer Steig 37	€1'360'000
09	Treptow-Köpenick	09G18	Schule in der Köllnischen Vorstadt (Grundschule)	12557	Rudower Str. 201	€3'010'000
09	Treptow-Köpenick	09G19	Amtsfeld-Schule (Grundschule)	12559	Pablo-Neruda-Str. 8	€2'980'000
09	Treptow-Köpenick	09G20	Müggelheimer Schule (Grundschule)	12559	Odernheimer Str. 28	€4'080'000
09	Treptow-Köpenick	09G21	Edison-Grundschule	12459	Wattstr. 69-70	€3'360'000
09	Treptow-Köpenick	09G22	Schule an der Wuhlheide (Grundschule)	12459	Kottmeierstr. 2	€3'420'000
09	Treptow-Köpenick	09G23	Hauptmann-von-Köpenick-Schule (Grundschule)	12555	Borgmannstr. 2	€1'490'000
09	Treptow-Köpenick	09G24	Müggelsee-Schule (Grundschule)	12587	Aßmannstr. 63	€2'870'000
09	Treptow-Köpenick	09G25	Müggelschlößchen-Schule (Grundschule)	12559	Alfred-Randt-Str. 56	€6'960'000
09	Treptow-Köpenick	09G26	Schule an den Püttbergen (Grundschule)	12589	Fürstenwalder Allee 182	€5'660'000
09	Treptow-Köpenick	09G27	Friedrichshagener Schule (Grundschule)	12587	Peter-Hille-Str. 7	€5'030'000
09	Treptow-Köpenick	09G29	Schmöckwitzer Insel-Schule (Grundschule)	12527	Adlergestell 776	€4'640'000
09	Treptow-Köpenick	09G30	Kiefholz-Grundschule	12435	Kiefholzstr. 45	€950'000
09	Treptow-Köpenick	09K01	Merian-Schule (Integrierte Sekundarschule)	12555	Hoernlestr. 80	€12'080'000
09	Treptow-Köpenick	09K02	Anna-Seghers-Schule (Gemeinschaftsschule)	12489	Radickestr. 43	€8'100'000
09	Treptow-Köpenick	09K03	Fritz-Kühn-Schule (Integrierte Sekundarschule)	12526	Dahmestr. 45	€3'380'000
09	Treptow-Köpenick	09K04	Isaac-Newton-Schule (Integrierte Sekundarschule)	12459	Zeppelinstr. 76-80	€6'470'000
09	Treptow-Köpenick	09K05	Wilhelm-Bölsche-Schule (Integrierte Sekundarschule)	12587	Aßmannstr. 11	€6'300'000
09	Treptow-Köpenick	09K06	Hans-Grade-Schule (Integrierte Sekundarschule)	12487	Heubergerweg 37	€0
09	Treptow-Köpenick	09K07	Sophie-Brahe-Schule (Gemeinschaftsschule)	12435	Am Plänterwald 17-23	€5'940'000
09	Treptow-Köpenick	09K08	Schule an der Dahme (Integrierte Sekundarschule)	12557	Glienicker Str. 24 -30	€5'240'000
09	Treptow-Köpenick	09K09	Grünauer Schule (Gemeinschaftsschule)	12527	Walchenseestr. 40	€6'330'000
09	Treptow-Köpenick	09S03	Albatros-Schule	12459	Treskowallee 222	€1'110'000
09	Treptow-Köpenick	09S04	Ahorn-Schule	12587	Peter-Hille-Str. 118	€4'020'000
09	Treptow-Köpenick	09S05	Schule am Altglienicker Wasserturm (Förderzentrum)	12524	Sachsenstr. 22	€0
09	Treptow-Köpenick	09S06	6. Schule	12437	Köpenicker Landstr. 185A	€3'240'000
09	Treptow-Köpenick	09Y03	Archenhold-Gymnasium	12439	Rudower Str. 7	€4'530'000
09	Treptow-Köpenick	09Y04	Anne-Frank-Gymnasium	12524	Uranusstr. 15 -17	€2'040'000
09	Treptow-Köpenick	09Y05	Alexander-von-Humboldt-Gymnasium	12555	Oberspreestr. 173	€7'520'000
09	Treptow-Köpenick	09Y06	Gerhart-Hauptmann-Gymnasium	12587	Bruno-Wille-Str. 37-45	€6'340'000
09	Treptow-Köpenick	09Y10	Gebrüder-Montgolfier-Gymnasium	12487	Ellernweg 20-22	€1'460'000
09	Treptow-Köpenick	09Y11	Emmy-Noether-Gymnasium	12559	Pablo-Neruda-Str. 6-7	€6'250'000
10	Marzahn-Hellersdorf	10A04	Victor-Klemperer-Kolleg	12681	Martha-Arendsee-Str. 15	€3'010'000
10	Marzahn-Hellersdorf	10G01	Paavo-Nurmi-Grundschule	12689	Schorfheidestr. 42	€5'940'000
10	Marzahn-Hellersdorf	10G03	Selma-Lagerlöf-Grundschule	12689	Wörlitzer Str. 31	€3'960'000
10	Marzahn-Hellersdorf	10G04	Falken-Grundschule	12689	Geraer Ring 2	€5'440'000
10	Marzahn-Hellersdorf	10G05	Ebereschen-Grundschule	12689	Borkheider Str. 27	€3'510'000
10	Marzahn-Hellersdorf	10G06	Bruno-Bettelheim-Grundschule (Gemeinschaftsschule)	12687	Schleusinger Str. 17	€0
10	Marzahn-Hellersdorf	10G07	Karl-Friedrich-Friesen-Grundschule	12687	Max-Herrmann-Str. 5	€0
10	Marzahn-Hellersdorf	10G08	Wilhelm-Busch-Grundschule	12679	Parsteiner Ring 24	€3'470'000
10	Marzahn-Hellersdorf	10G09	Grundschule am Bürgerpark	12679	Jan-Petersen-Str. 18B	€2'100'000
10	Marzahn-Hellersdorf	10G10	Peter-Pan-Grundschule	12679	Stolzenhagener Str. 9	€2'640'000
10	Marzahn-Hellersdorf	10G11	Grundschule an der Mühle	12685	Kienbergstr. 59	€4'060'000
10	Marzahn-Hellersdorf	10G12	Grundschule an der Geißenweide	12685	Amanlisweg 40	€2'960'000
10	Marzahn-Hellersdorf	10G13	Johann-Strauss-Grundschule	12683	Cecilienstr. 81	€0
10	Marzahn-Hellersdorf	10G14	Grundschule unter dem Regenbogen	12681	Murtzaner Ring 37	€5'940'000
10	Marzahn-Hellersdorf	10G16	Grundschule am Fuchsberg	12683	Dankratweg 19	€3'120'000
10	Marzahn-Hellersdorf	10G17	Beatrix-Potter-Grundschule	12629	Ludwigsfelder Str. 7	€5'630'000
10	Marzahn-Hellersdorf	10G18	Pusteblume-Grundschule	12627	Kastanienallee 118	€0
10	Marzahn-Hellersdorf	10G19	Bücherwurm-Schule am Weiher (Grundschule)	12627	Eilenburger Str. 1	€5'930'000
10	Marzahn-Hellersdorf	10G22	Kolibri-Grundschule	12627	Schönewalder Str. 9	€0
10	Marzahn-Hellersdorf	10G25	Grundschule am Schleipfuhl	12627	Nossener Str. 85	€4'130'000
10	Marzahn-Hellersdorf	10G26	Friedrich-Schiller-Grundschule	12623	An der Schule 13-17	€3'690'000
10	Marzahn-Hellersdorf	10G28	Grundschule am Hollerbusch	12619	Erich-Kästner-Str. 64	€7'280'000
10	Marzahn-Hellersdorf	10G29	Grundschule an der Wuhle	12619	Teterower Ring 79	€1'330'000
10	Marzahn-Hellersdorf	10G30	Mahlsdorfer Grundschule	12623	Feldrain 47	€3'970'000
10	Marzahn-Hellersdorf	10G31	Franz-Carl-Achard-Grundschule	12689	Flämingstr. 16-18	€1'370'000
10	Marzahn-Hellersdorf	10G32	Kiekemal-Schule (Grundschule)	12623	Hultschiner Damm 219	€330'000
10	Marzahn-Hellersdorf	10G33	Ulmen-Grundschule	12621	Ulmenstr. 79-85	€4'350'000
10	Marzahn-Hellersdorf	10G34	Schule am grünen Stadtrand	12689	Geraer Ring 54	€7'440'000
10	Marzahn-Hellersdorf	10K01	Rudolf-Virchow-Schule	12679	Glambecker Ring 90	€3'520'000
10	Marzahn-Hellersdorf	10K02	Ernst-Haeckel-Schule	12629	Luckenwalder Str. 53	€10'250'000
10	Marzahn-Hellersdorf	10K03	Kerschensteiner-Schule	12689	Golliner Str. 2	€5'130'000
10	Marzahn-Hellersdorf	10K04	Thüringen-Schule (Gemeinschaftsschule)	12687	Liebensteiner Str. 24	€3'620'000
10	Marzahn-Hellersdorf	10K05	Jean-Piaget-Schule	12629	Mittenwalder Str. 5	€7'390'000
10	Marzahn-Hellersdorf	10K06	Georg-Klingenberg-Schule	12683	Alberichstr. 24	€4'560'000
10	Marzahn-Hellersdorf	10K07	Caspar-David-Friedrich-Schule	12629	Alte Hellersdorfer Str. 7	€1'130'000
10	Marzahn-Hellersdorf	10K08	Johann-Julius-Hecker-Schule	12689	Hohenwalder Str. 2	€360'000
10	Marzahn-Hellersdorf	10K09	Konrad-Wachsmann-Schule	12627	Geithainer Str. 12	€3'320'000
10	Marzahn-Hellersdorf	10K10	Wolfgang-Amadeus-Mozart-Schule (Gemeinschaftsschule)	12627	Cottbusser Str. 23	€6'290'000
10	Marzahn-Hellersdorf	10K11	Marcana-Schule (Gemeinschaftsschule)	12689	Flämingstr. 16-18	€2'100'000
10	Marzahn-Hellersdorf	10S04	Schule am Pappelhof	12683	Ketschendorfer Weg 21	€3'160'000
10	Marzahn-Hellersdorf	10S07	Schule am Rosenhain	12627	Klingenthaler Str. 32	€2'630'000
10	Marzahn-Hellersdorf	10S08	Schule am Mummelsoll	12627	Eilenburger Str. 4	€0
10	Marzahn-Hellersdorf	10Y01	Tagore-Gymnasium	12687	Sella-Hasse-Str. 25	€3'560'000
10	Marzahn-Hellersdorf	10Y02	Otto-Nagel-Gymnasium	12683	Schulstr. 11	€2'670'000
10	Marzahn-Hellersdorf	10Y03	Wilhelm-von-Siemens-Gymnasium	12683	Allee der Kosmonauten 134	€450'000
10	Marzahn-Hellersdorf	10Y08	Sartre-Gymnasium	12629	Kyritzer Str. 103	€540'000
10	Marzahn-Hellersdorf	10Y11	Melanchthon-Gymnasium	12627	Adele-Sandrock-Str. 73-75	€8'090'000
11	Lichtenberg	11G01	Sonnenuhr-Grundschule	10369	Franz-Jacob-Str. 33	€3'670'000
11	Lichtenberg	11G02	Grundschule am Roederplatz	10367	Bernhard-Bästlein-Str. 22	€4'900'000
11	Lichtenberg	11G03	Grundschule im Gutspark	10367	Josef-Orlopp-Str. 20	€1'580'000
11	Lichtenberg	11G05	Grundschule auf dem lichten Berg	10365	Atzpodienstr. 19	€2'080'000
11	Lichtenberg	11G06	Adam-Ries-Grundschule	10315	Alt-Friedrichsfelde 66	€5'130'000
11	Lichtenberg	11G07	Hermann-Gmeiner-Grundschule	10365	Harnackstr. 17	€0
11	Lichtenberg	11G08	Robinson-Grundschule	10317	Wönnichstr. 7	€2'700'000
11	Lichtenberg	11G09	Bürgermeister-Ziethen-Grundschule	10315	Massower Str. 39	€2'150'000
11	Lichtenberg	11G10	Schule im Ostseekarree (Grundschule)	13051	Barther Str. 27	€1'580'000
11	Lichtenberg	11G11	Bernhard-Grzimek-Grundschule	10319	Sewanstr. 184	€4'040'000
11	Lichtenberg	11G12	Lew-Tolstoi-Grundschule	10318	Römerweg 120	€1'180'000
11	Lichtenberg	11G13	Karlshorster Grundschule	10318	Lisztstr. 6	€230'000
11	Lichtenberg	11G14	Richard-Wagner-Grundschule	10318	Ehrenfelsstr. 36	€3'700'000
11	Lichtenberg	11G16	Schule an der Victoriastadt	10317	Nöldnerstr. 44	€2'450'000
11	Lichtenberg	11G17	Brodowin-Grundschule	13055	Liebenwalder Str. 22	€4'950'000
11	Lichtenberg	11G18	Grundschule am Wilhelmsberg	13055	Sandinostr. 8	€4'770'000
11	Lichtenberg	11G19	Obersee-Grundschule	13053	Roedernstr. 69-72	€0
11	Lichtenberg	11G21	Schule Am Faulen See	13053	Degnerstr. 71	€1'150'000
11	Lichtenberg	11G22	Martin-Niemöller-Grundschule	13053	Am Breiten Luch 5	€4'610'000
11	Lichtenberg	11G23	Friedrichsfelder Grundschule	10315	Lincolnstr. 67	€3'320'000
11	Lichtenberg	11G25	Grundschule am Wäldchen	13051	Wustrower Str. 28	€1'560'000
11	Lichtenberg	11G26	Randow-Grundschule	13057	Randowstr. 45	€1'430'000
11	Lichtenberg	11G28	Feldmark-Schule (Grundschule)	13057	Wartiner Str. 23	€2'670'000
11	Lichtenberg	11G29	Matibi-Grundschule	13059	Prendener Str. 15	€1'870'000
11	Lichtenberg	11G31	Schmetterlings-Grundschule	10319	Dolgenseestr. 60	€0
11	Lichtenberg	11K01	Alexander-Puschkin-Schule	10315	Massower Str. 37	€7'250'000
11	Lichtenberg	11K02	Mildred-Harnack-Schule	10365	Schulze-Boysen-Str. 12	€8'280'000
11	Lichtenberg	11K04	Gutenberg-Schule	13055	Sandinostr. 10	€6'250'000
11	Lichtenberg	11K05	Fritz-Reuter-Schule	13059	Prendener Str. 29	€400'000
11	Lichtenberg	11K06	Schule am Rathaus	10367	Rathausstr. 8	€3'250'000
11	Lichtenberg	11K07	Vincent-van-Gogh-Schule (Integrierte Sekundarschule)	13051	Wustrower Str. 26	€6'790'000
11	Lichtenberg	11K08	George-Orwell-Schule	10319	Sewanstr. 223	€2'610'000
11	Lichtenberg	11K09	Philipp-Reis-Schule (Integrierte Sekundarschule)	13055	Werneuchener Str. 15	€5'060'000
11	Lichtenberg	11K10	Grüner Campus Malchow (Gemeinschaftsschule)	13051	Malchower Chaussee 2	€11'830'000
11	Lichtenberg	11K11	Paul-Schmidt-Schule (Integrierte Sekundarschule)	13053	Malchower Weg 54	€4'320'000
11	Lichtenberg	11K12	Paul-und-Charlotte-Kniese-Schule (Gemeinschaftsschule)	10319	Erich-Kurz-Str. 6-10	€0
11	Lichtenberg	11S02	Schule am Fennpfuhl	10369	Alfred-Jung-Str. 19	€4'400'000
11	Lichtenberg	11S04	Paul-und-Charlotte-Kniese-Schule	10319	Erich-Kurz-Str. 6-10	€1'480'000
11	Lichtenberg	11S05	Schule am grünen Grund	10365	Herzbergstr. 79	€660'000
11	Lichtenberg	11S06	Selma-Lagerlöf-Schule	10367	Bernhard-Bästlein-Str. 56	€5'480'000
11	Lichtenberg	11S07	Carl-von-Linné-Schule	10367	Paul-Junius-Str. 15	€1'280'000
11	Lichtenberg	11S08	Schule Am Breiten Luch	13053	Am Breiten Luch 19	€5'430'000
11	Lichtenberg	11S12	Nils-Holgersson-Schule	10369	Otto-Marquardt-Str. 12-14	€0
11	Lichtenberg	11Y02	Johann-Gottfried-Herder-Gymnasium	10369	Franz-Jacob-Str. 8	€1'480'000
11	Lichtenberg	11Y05	Hans-und-Hilde-Coppi-Oberschule	10318	Römerweg 30-32	€10'340'000
11	Lichtenberg	11Y09	Barnim-Gymnasium	13057	Ahrensfelder Chaussee 41	€300'000
11	Lichtenberg	11Y10	Manfred-von-Ardenne-Gymnasium	13055	Werneuchener Str. 27-28	€10'660'000
11	Lichtenberg	11Y11	Immanuel-Kant-Gymnasium	10317	Lückstr. 63	€7'240'000
12	Reinickendorf	12G01	Havelmüller-Grundschule	13507	Namslaustr. 49-57	€4'040'000
12	Reinickendorf	12G02	Grundschule am Schäfersee	13407	Baseler Str. 2-6	€6'650'000
12	Reinickendorf	12G03	Reginhard-Grundschule	13409	Letteallee 39-41	€2'850'000
12	Reinickendorf	12G04	Till-Eulenspiegel-Grundschule	13407	Humboldtstr. 8-13	€5'530'000
12	Reinickendorf	12G05	Kolumbus-Grundschule	13409	Büchsenweg 23A	€4'870'000
12	Reinickendorf	12G06	Hausotter-Grundschule	13409	Hausotterplatz 4	€4'660'000
12	Reinickendorf	12G07	Mark-Twain-Grundschule	13403	Auguste-Viktoria-Allee 95	€4'890'000
12	Reinickendorf	12G09	Grundschule an der Peckwisch	13439	Tornower Weg 26-34	€4'640'000
12	Reinickendorf	12G10	Peter-Witte-Grundschule	13437	Rathauspromenade 75	€6'200'000
12	Reinickendorf	12G11	Ringelnatz-Grundschule	13437	Wilhelm-Gericke-Str. 7	€3'840'000
12	Reinickendorf	12G12	Borsigwalder Grundschule	13509	Miraustr. 100	€2'840'000
12	Reinickendorf	12G13	Franz-Marc-Grundschule	13507	Treskowstr. 26-31	€7'770'000
12	Reinickendorf	12G14	Alfred-Brehm-Grundschule	13507	Ascheberger Weg 8A	€3'660'000
12	Reinickendorf	12G15	Hoffmann-von-Fallersleben-Grundschule	13509	Ziekowstr. 80-88	€4'530'000
12	Reinickendorf	12G17	Ellef-Ringnes-Grundschule	13503	Im Erpelgrund 11-17	€4'780'000
12	Reinickendorf	12G18	Grundschule am Tegelschen Ort	13505	Gerlindeweg 11-23	€4'910'000
12	Reinickendorf	12G19	Münchhausen-Grundschule	13469	Artemisstr. 22-26	€5'570'000
12	Reinickendorf	12G20	Grundschule am Vierrutenberg	13469	Am Vierrutenberg 59-65	€2'970'000
12	Reinickendorf	12G21	Grundschule am Fließtal	13467	Seebadstr. 42-43	€4'120'000
12	Reinickendorf	12G22	Gustav-Dreyer-Grundschule	13467	Freiherr-vom-Stein-Str. 31	€6'220'000
12	Reinickendorf	12G23	Victor-Gollancz-Grundschule	13465	Gollanczstr. 18-24	€6'060'000
12	Reinickendorf	12G24	Renée-Sintenis-Grundschule	13465	Laurinsteig 39-45	€4'630'000
12	Reinickendorf	12G26	Märkische Grundschule	13439	Dannenwalder Weg 163-165	€4'850'000
12	Reinickendorf	12G27	Chamisso-Grundschule	13435	Senftenberger Ring 27	€5'810'000
12	Reinickendorf	12G28	Grundschule in den Rollbergen	13469	Waldshuter Zeile 6	€6'230'000
12	Reinickendorf	12G29	Hermann-Schulz-Grundschule	13403	Kienhorststr. 67-79	€7'060'000
12	Reinickendorf	12G30	Reineke-Fuchs-Grundschule	13403	Foxweg 15	€6'200'000
12	Reinickendorf	12G32	Charlie-Chaplin-Grundschule	13439	Wilhelmsruher Damm 90-94	€2'840'000
12	Reinickendorf	12G33	Lauterbach-Grundschule	13435	Senftenberger Ring 41	€9'550'000
12	Reinickendorf	12G34	Otfried-Preußler-Grundschule	13503	Schulzendorfer Str. 99	€5'210'000
12	Reinickendorf	12K01	Julius-Leber-Schule	13507	Treskowstr. 26-31	€0
12	Reinickendorf	12K02	Bettina-von-Arnim-Schule	13435	Senftenberger Ring 49	€18'520'000
12	Reinickendorf	12K03	Max-Beckmann-Schule (Integrierte Sekundarschule)	13403	Auguste-Viktoria-Allee 37	€9'370'000
12	Reinickendorf	12K04	Paul-Löbe-Schule	13407	Lindauer Allee 23-25	€10'650'000
12	Reinickendorf	12K05	Gustav-Freytag-Schule (Integrierte Sekundarschule)	13409	Breitkopfstr. 66-80	€7'980'000
12	Reinickendorf	12K06	Benjamin-Franklin-Schule (Integrierte Sekundarschule)	13509	Sommerfelder Str. 5-7	€7'170'000
12	Reinickendorf	12K07	Jean-Krämer-Schule (Integrierte Sekundarschule) Wittenau	13437	Alt-Wittenau 8-12	€10'670'000
12	Reinickendorf	12K09	Carl-Benz-Schule (Integrierte Sekundarschule)	13467	Heidenheimer Str. 53-54	€8'980'000
12	Reinickendorf	12K10	Carl-Bosch-Schule	13467	Frohnauer Str. 74-80	€8'440'000
12	Reinickendorf	12K11	Albrecht-Haushofer-Schule	13503	Kurzebracker Weg 40-46	€11'870'000
12	Reinickendorf	12K12	Campus Hannah Höch (Gemeinschaftsschule)	13435	Finsterwalder Str. 52-56	€11'180'000
12	Reinickendorf	12S01	Stötzner-Schule	13509	Tietzstr. 26-28	€3'470'000
12	Reinickendorf	12S02	Richard-Keller-Schule	13467	Olafstr. 32-34	€2'840'000
12	Reinickendorf	12S03	Lauterbach-Schule	13435	Senftenberger Ring 41	€750'000
12	Reinickendorf	12S04	Schule am Park	13437	Eichborndamm 276-284	€4'700'000
12	Reinickendorf	12S05	Wiesengrund-Schule	13467	Frohnauer Str. 74-80	€0
12	Reinickendorf	12S06	Toulouse-Lautrec-Schule	13509	Miraustr. 120-126	€8'940'000
12	Reinickendorf	12Y01	Friedrich-Engels-Gymnasium	13407	Emmentaler Str. 67	€12'690'000
12	Reinickendorf	12Y02	Europäisches Gymnasium Bertha-von-Suttner	13409	Reginhardstr. 172	€10'740'000
12	Reinickendorf	12Y03	Humboldt-Gymnasium	13509	Hatzfeldtallee 2-4	€11'560'000
12	Reinickendorf	12Y04	Gabriele-von-Bülow-Gymnasium	13509	Tile-Brügge-Weg 63	€8'690'000
12	Reinickendorf	12Y05	Georg-Herwegh-Gymnasium	13467	Fellbacher Str. 18-19	€7'670'000
12	Reinickendorf	12Y07	Romain-Rolland-Gymnasium	13469	Place Moliere 4	€16'370'000
12	Reinickendorf	12Y08	Thomas-Mann-Gymnasium	13439	Königshorster Str. 10	€16'100'000